User_id,Name,Followers,Following,Photos_count,Business_category,Subcategory,Photos1_count,Photos1_time,Photos1_likes,Photos2_count,Photos2_time,Photos2_likes,Photos3_count,Photos3_time,Photos3_likes,Photos4_count,Photos4_time,Photos4_likes,Photos5_count,Photos5_time,Photos5_likes,Photos6_count,Photos6_time,Photos6_likes,Photos7_count,Photos7_time,Photos7_likes,Photos8_count,Photos8_time,Photos8_likes,Photos9_count,Photos9_time,Photos9_likes,Photos10_count,Photos10_time,Photos10_likes,Photos11_count,Photos11_time,Photos11_likes,Photos12_count,Photos12_time,Photos12_likes
0,oohnastya,22446,2601,727,,,45,1590591363,426,46,1590422705,563,84,1590334339,976,46,1590073478,486,56,1589814193,1018,61,1589468169,781,41,1589208814,733,55,1589120893,549,93,1588609592,612,65,1588169012,561,61,1587913671,811,41,1587567633,543
1,o.smisle,3914,14,494,Local Events,TOPIC_CONCERT_VENUE,16,1590677536,42,1,1590573746,46,0,1590485084,28,4,1590389164,94,0,1590330094,42,55,1589949397,342,204,1589889393,108,0,1589874153,95,0,1589778897,54,1,1589623010,32,2,1589522996,133,3,1589453079,105
2,dom2__ssl,22809,96,3045,Creators & Celebrities,PERSONAL_BLOG,0,1590688206,4,0,1590687854,19,0,1590682355,21,3,1590679091,112,0,1590676354,9,76,1590676073,1049,0,1590675638,126,0,1590664896,5,11,1590664515,393,0,1590658739,5,3,1590651098,310,1,1590647362,201
3,sashachistova,2190384,1,1224,,,280,1590512929,114292,7397,1590147225,171018,1365,1590085441,151264,402,1589907374,117818,516,1589787726,180263,390,1589477335,135540,927,1589290541,192460,2419,1589217580,164157,16711,1589202790,240842,1283,1589123938,205521,1458,1589009079,144191,1829,1588865569,191906
4,listeninguphereweare,570,831,107,,,5,1590177756,135,4,1590063218,143,4,1589149339,127,2,1588012929,165,2,1587404937,102,6,1587226979,142,3,1587226387,124,5,1586780773,138,0,1586621011,86,5,1586367362,141,2,1582700544,183,8,1582561511,143
5,buzova86,21377312,187,12911,,
6,fashionrestaurant.prague,3667,4812,304,Restaurants,RESTAURANT,0,1590046928,38,0,1589964938,92,0,1589547397,32,0,1589197574,25,0,1589124909,22,0,1589036081,24,0,1588950175,19,0,1588864321,27,0,1588781025,21,0,1588432594,53,0,1587992043,41,0,1587827633,45
7,anitakobeleva,203421,458,2306,,,55,1590670533,5673,84,1590579486,9458,91,1590479121,10810,78,1590400686,9426,16,1590337972,5968,100,1590307433,12823,183,1590069213,11788,73,1590045032,15291,1080,1589823368,14648,105,1589723117,14646,347,1589634258,14948,185,1589553401,16620
8,pr_ulya_in_seoul,214,62,6,,
9,noflowers_nikita,467,368,30,,,0,1564648227,71,7,1558898013,105,4,1552585771,144,2,1551627982,72,8,1545496366,168,4,1529313259,229,2,1527620847,170,2,1515652855,245,5,1515060083,147,1,1514882648,154,2,1510380870,156,5,1509911188,155
10,elizkozlova,77928,243,942,,,33,1589793949,2268,183,1588670608,3317,24,1586774407,2447,58,1586593110,2014,76,1585206122,2985,127,1584085042,4611,43,1581320595,3611,50,1580637671,1375,49,1579933497,3324,77,1579424101,3571,52,1579018533,3465,41,1578649417,1697
11,mari_kruko,313236,14,334,,,871,1590062076,80294,339,1589885297,55039,197,1589536666,55275,535,1589116901,63342,141,1588957398,52348,279,1588786029,58547,203,1588426895,51104,171,1585913104,61447,323,1584972981,72907,1919,1583227838,52351,350,1583170688,80195,220,1582369357,68376
12,krasne_vlasy.cz,481,711,47,General Interest,ART,93,1589026550,83,0,1582279539,89,2,1579605327,95,0,1576065817,83,0,1573471582,62,4,1570006533,63,1,1569502144,53,3,1569231061,44,0,1561662242,63,1,1561661751,44,0,1561406506,51,0,1561210576,54
13,goldsherb,2852,1762,399,Creators & Celebrities,PERSONAL_BLOG,8,1590486993,298,8,1590402958,203,11,1590260158,392,20,1589995395,285,2,1589975634,176,30,1589652558,317,6,1589552218,396,7,1589046814,348,9,1588406462,397,6,1588011080,331,5,1587918872,274,13,1587807364,307
14,lidarudkovskaya,904,178,60,Creators & Celebrities,PERSONAL_BLOG,4,1590501959,33,7,1589988974,76,8,1589467708,64,0,1589364839,71,0,1589194361,38,15,1589024791,113,10,1588929253,95,22,1588845454,70,3,1588689758,63,37,1588602081,73,29,1588514272,48,4,1588420942,86
15,kate.finit,73482,98,399,Creators & Celebrities,PERSONAL_BLOG,137,1590664248,2179,45,1590416449,1902,112,1590044279,2629,178,1589896368,3064,64,1589626238,2372,106,1589370323,2489,193,1589107680,2082,53,1588939140,1669,211,1588770514,2448,125,1588416964,2591,82,1588162128,2515,152,1587823338,3536
16,pr.mikel__english,47,1,13,,,0,1587248965,5,0,1587248751,4,0,1587248736,3,0,1587248618,3,0,1587248599,5,0,1587248492,3,0,1587248471,4,0,1587248364,4,2,1587248343,9,0,1587248147,5,0,1587248123,3,0,1587247926,5
17,anna.yakovenkoo,3503,270,313,Creators & Celebrities,PERSONAL_BLOG,6,1589615482,706,16,1589489661,452,64,1588021906,1136,2,1585479994,473,43,1585056643,576,12,1582398402,564,1,1582192221,1016,16,1581450189,625,19,1581336838,582,9,1581025042,962,7,1580863144,769,17,1580773619,1168
18,gleb_kornilov,1132027,12,1140,,,104,1590645514,34970,8394,1590138566,94290,1953,1589961479,89154,7432,1589790028,95949,1387,1589002650,122107,1557,1588694266,94610,696,1588155354,48159,1815,1587582921,98873,372,1587304609,74953,8063,1586855875,84737,3294,1586264540,114400,1999,1585717861,158259
19,veronicaaaa.223,435,1079,4,,
20,zhenyafileva,3500,153,75,,,20,1588953802,848,34,1588260888,693,49,1587485657,1108,30,1587134403,574,14,1586537257,991,4,1586102969,784,11,1585414317,766,5,1585065129,570,14,1584717117,815,12,1584276117,456,11,1583170155,1023,8,1582301166,732
21,katezworld,17383,199,633,Creators & Celebrities,BLOGGER,50,1590505101,714,17,1590434494,463,29,1590387784,1121,14,1590318610,709,6,1590257938,711,19,1590163445,986,19,1590086731,611,48,1590047400,811,27,1590001980,799,29,1589967274,916,31,1589910749,731,34,1589787705,1036
22,dshukin,605059,736,1099,Creators & Celebrities,ENTREPRENEUR,160,1587737912,10012,524,1587031040,10011,293,1586015401,10664,237,1583226074,12503,781,1577723136,15067,117,1577292646,17832,199,1577194975,11677,107,1576261091,14850,129,1575037079,10930,195,1574962250,19555,90,1574346965,13607,103,1573204418,16935
23,ammelnik,243,298,9,,,15,1587215754,93,0,1569594811,68,0,1569594630,53,0,1569594569,72,0,1569594192,91,0,1569594028,83,11,1569593696,102,4,1569073785,83,0,1557657915,80
24,pr_anzhelika_sty,8,7,3,,
25,ne_runglish,9521,153,167,Home Services,TUTORING,52,1590664198,530,12,1590167320,163,5,1590065106,411,55,1589912843,274,32,1589818194,825,35,1589298623,344,45,1589040555,628,54,1588627500,568,8,1588533671,465,13,1588101860,308,15,1587834695,348,19,1587650697,319
26,dmitry.shukin,70484,2,44,Creators & Celebrities,,53,1590141450,1064,58,1589786913,1537,28,1589370655,1273,138,1588415903,1898,137,1587629284,2402,103,1587485736,1374,76,1586879145,939,115,1586708447,1447,117,1586354557,1074,515,1585490349,1539,201,1584619600,1940,373,1583419275,2061
27,stasshalimov,66831,56,200,,,21,1590641724,4516,10,1590562724,4598,17,1590423856,5413,10,1589975513,4135,18,1589791460,6500,107,1588837377,7938,21,1588008982,7821,70,1587320468,10476,42,1587232579,8646,16,1586871884,8310,26,1586084893,12461,11,1585124521,6242
28,zlatiiiprague,2688,25,100,,,26,1590246616,753,6,1589390923,545,11,1588861801,483,15,1588607660,510,10,1588519593,688,3,1588337873,387,8,1588078969,699,13,1587828067,461,12,1587560939,515,10,1587395241,332,17,1587141152,617,8,1586971755,480
29,zlatiii_pr,51,17,5,,
30,ali2008rot,126,98,6,,
31,livia_auer,203277,996,1133,Creators & Celebrities,PERSONAL_BLOG,199,1590607963,10836,149,1590348705,17531,243,1589909378,10236,243,1589743949,21420,126,1589398443,8685,214,1589139082,11416,259,1588880094,12365,3258,1588620738,20235,341,1588275012,15600,311,1587929549,16187,68,1587663138,6330,165,1587583774,12353
32,karinakasparyants,1534145,223,1799,,,20012,1590582686,59386,128,1590576521,46979,87,1590573257,51644,325,1590486804,52210,36,1590483761,33851,77,1590423059,46144,52,1590341128,33457,478,1590319762,80304,51,1590247564,36756,72,1590053394,42111,83,1589969987,44469,109,1589891487,37842
33,bulochka27.01,23,3,18,,,0,1589910842,8,0,1589804156,10,2,1589631783,14,0,1586339329,12,0,1586339299,14,2,1586107290,9,0,1586090579,10,0,1585745943,12,0,1585494124,10,0,1585493966,10,3,1585482269,11,0,1585389826,10
34,oca_praha,4420,637,389,Professional Services,LANGUAGE_SCHOOL,18,1590489333,446,2,1589276966,252,14,1587547484,343,214,1587027225,1648,7,1586955356,254,1,1586931003,193,2,1586777742,292,3,1585816041,354,1,1585299566,321,1,1585138133,136,17,1584621769,319,11,1584108930,290
35,uliana_abuzova,105,86,10,,,1,1569143060,55,1,1568399154,31,8,1566287361,64,1,1562736705,51,1,1562603384,39,0,1562220578,39,0,1559660515,44,0,1558968063,37,1,1558495558,46,1,1558167042,40
36,river__house,5908,179,98,Transportation & Accomodation Services,TOPIC_HOTEL,3,1590245447,244,1,1590034201,91,0,1589786466,249,1,1589607609,123,4,1589179164,358,0,1588934496,202,0,1588582322,70,69,1588244602,77,0,1587799132,62,3,1586361500,116,4,1585734377,71,1,1584956800,92
37,valentynaap,40684,350,912,,,20,1590679556,5200,27,1590603753,6061,17,1590508820,6394,9,1590401079,7450,4,1590335398,5871,22,1590168707,6635,12,1590074620,7373,18,1589992836,3173,33,1589910703,6905,14,1589826379,6353,23,1589646376,7094,17,1589565011,7134
38,i_love_dogs777_,15292,208,423,,,4,1590408907,174,4,1590346823,101,9,1590343553,115,19,1589985242,186,13,1589917471,178,5,1589801961,201,6,1589562089,268,7,1589452039,347,4,1589370620,357,3,1589281787,366,17,1589213894,331,20,1589110007,231
39,nails.olya.prague,504,71,107,Personal Goods & General Merchandise Stores,HEALTH_BEAUTY,0,1589979910,40,1,1589538695,58,0,1588416249,50,1,1588411147,37,2,1587758156,51,0,1587389352,44,0,1587382158,42,0,1587381515,28,0,1586602087,43,1,1585768933,42,0,1585735113,55,0,1585423559,44
40,a_v_english,81,14,32,,,0,1587582374,2,0,1586779773,1,0,1585909937,8,0,1585834846,10,0,1585737760,8,0,1585575984,3,0,1584570354,7,1,1583697892,10,2,1583403752,14,0,1582815252,6,0,1582557832,7,0,1582458552,7
41,cherkeshka.art,1064,1826,83,Creators & Celebrities,TOPIC_PHOTOGRAPHER,2,1590672348,50,5,1590506783,92,5,1590323459,74,5,1590065075,54,1,1589890483,47,3,1589816739,85,1,1589738403,80,1,1589631528,106,2,1589449020,124,7,1589389404,120,4,1589385788,113,8,1589306242,121
42,korepanov_nv,219,103,23,Creators & Celebrities,ENTREPRENEUR,5,1588923479,44,0,1579470256,50,0,1569172827,62,4,1569001048,63,0,1566401850,60,3,1564592981,68,2,1561919586,69,0,1552226955,65,0,1546893735,63,0,1546893660,58,0,1543041637,79,4,1534860477,106
43,nogti_a_ne_kogti,3049,1449,1441,Personal Goods & General Merchandise Stores,PRODUCT_SERVICE,0,1590478363,37,0,1590392630,36,7,1590303793,53,2,1590169927,77,0,1590151778,35,0,1590042429,29,0,1589953775,22,0,1589791511,19,0,1589733234,47,1,1589606614,18,0,1589527307,37,1,1589517703,29
44,kulepetova.me,133164,75,306,Creators & Celebrities,BLOGGER,43,1590651119,8672,29,1590414502,10303,120,1590224414,8044,66,1590133171,6172,109,1590046636,12621,37,1589814375,9723,285,1589612810,20584,20,1589472665,7010,63,1589355244,5166,88,1589182313,8195,208,1589010480,15924,80,1588845036,13088
45,style,2101057,287,7011,Business & Utility Services,DESIGN,43,1590686598,5175,639,1590529537,25038,121,1590524137,16173,56,1590519641,14095,132,1590515137,25441,223,1590438609,27426,40,1590431415,7373,111,1590424214,25512,203,1590417015,44207,143,1590178529,30623,138,1590172230,35143,117,1590165031,22728
46,gass.alexander,42,19,1,,,4,1582745406,11
47,_ggooffyy_,58,124,14,,
48,lime_official,218759,0,2794,Personal Goods & General Merchandise Stores,CLOTHING,9,1590676616,1207,15,1590653142,1986,9321,1590598077,7381,24,1590571568,1986,16,1590523479,4448,46,1590492019,2715,46,1590431661,1873,36,1590416129,2021,27,1590404548,2696,46,1590313726,2647,6,1590252741,2408,39,1590245588,2851
49,lichi_brand,1264168,50,7170,Personal Goods & General Merchandise Stores,CLOTHING,89,1590676624,7114,91,1590669848,5199,77,1590665224,4014,88,1590658814,5670,12915,1590596556,15514,178,1590585460,9059,177,1590568994,8343,292,1590508662,14751,163,1590502860,10660,19846,1590419020,25847,676,1590411741,18684,677,1590339399,16058
50,kelsey_diprima,128096,1202,1130,,,92,1590632337,4891,96,1590522722,6599,17,1590450094,1934,106,1590338961,5836,86,1590256074,4343,157,1590104672,7141,784,1590019746,9657,123,1589938353,8105,97,1589821163,5068,142,1589736863,6899,72,1589647266,5638,139,1589564090,11236
51,americanstyle,8301916,1485,15349,Business & Utility Services,DESIGN,23,1590683891,15311,30,1590680624,6757,73,1590674549,36175,81,1590667633,35143,49,1590651103,12433,78,1590627619,49437,81,1590597215,40303,28,1590592482,10790,115,1590581856,65914,74,1590569042,41431,44,1590558282,12288,82,1590539871,59888
52,laurajadestone,930212,927,3029,Creators & Celebrities,PERSONAL_BLOG,129,1590654907,27202,124,1590612391,23891,76,1590526551,13501,224,1590482202,38765,209,1590354183,42013,189,1590309548,40276,174,1590270750,34108,55,1590134693,9872,188,1590050037,32125,297,1590009103,47022,31,1589920608,4406,314,1589877419,83344
53,shcherbakova__sasha,45436,17,1211,Creators & Celebrities,,54,1590647925,2310,18,1590562116,3611,14,1590482604,1635,91,1590329323,5990,45,1590081257,4770,25,1589995989,3089,17,1589728497,2434,60,1589546642,5934,55,1589478671,2708,49,1589104587,4340,72,1588861958,4144,152,1588523973,5958
54,nattyvedyakina,9997,1021,70,,,2,1588586486,94,13,1573660434,397,12,1573305419,821,15,1571844651,299,23,1571479696,292,15,1571416303,298,37,1571254623,675,3,1571237368,264,17,1570625148,351,35,1570474172,324,17,1570202454,405,25,1569859137,284
55,elizaveta_anikhovskaya,78745,305,685,,,24,1590390542,4718,37,1590303426,3487,46,1590047500,6088,63,1589266934,5422,22,1589203963,1709,88,1588942587,8420,37,1587643896,6912,43,1587391612,3718,43,1587128456,3405,50,1586847387,7729,151,1585982518,8654,55,1585377885,8092
56,chocolate_ekb,14208,92,844,Personal Goods & General Merchandise Stores,BEAUTY_SALON,28,1590662435,175,0,1590571661,39,8,1590479122,226,0,1590403628,71,0,1590328257,275,1,1590229160,183,16,1590155942,208,0,1590070306,104,4,1589962774,320,1,1589887860,101,234,1589866495,590,6,1589801493,147
57,ronnykolin,622,540,99,,
58,gubanedura_,58,22,378,,
59,janmahavan,339080,2274,56,,
60,thesecrets.ru,70951,1,398,,,11,1590160350,8,10,1589533769,396,94,1589271823,1510,9,1588845876,1086,17,1588522787,1263,49,1588186851,1765,1,1587830082,682,187,1587631437,5341,10,1587398448,987,126,1587115319,25120,8,1587032352,707,119,1586887210,17545
61,marketafrank,112883,445,1289,Creators & Celebrities,BLOGGER,87,1590340922,24167,73,1590238615,25063,79,1590079244,20462,179,1589983883,36358,34,1589906756,17835,44,1589779690,16845,74,1589391332,24288,45,1588866063,19449,61,1588787433,21429,107,1588410074,26102,58,1588259588,20845,62,1588093469,20705
62,fashionroom.ekb,21044,165,2432,Personal Goods & General Merchandise Stores,CLOTHING,0,1590592973,81,0,1590550960,101,11,1590512930,615,0,1590465734,96,0,1590327857,100,1,1590317766,179,7,1590212669,163,0,1590146586,172,0,1590123887,94,0,1590038349,98,2,1589999748,128,0,1589866939,68
63,olga.votchel.cosmetology,265,115,18,Personal Goods & General Merchandise Stores,HEALTH_BEAUTY,4,1574877555,36,2,1573138468,31,5,1571851330,30,0,1565631143,28,8,1565367329,25,1,1565172151,29,1,1564322604,24,4,1563554197,36,2,1562266400,39,3,1561307878,29,2,1560272653,26,14,1559849286,50
64,k.a.alexeyvna,233,343,119,Creators & Celebrities,,1,1584708567,43,1,1583741761,52,0,1581274963,40,0,1579801856,32,1,1571857586,53,1,1569348747,51,0,1569087838,51,1,1568493524,49,4,1564998765,65,1,1549905381,57,6,1549395287,54,0,1538676781,66
65,malinadeva,1125,278,279,Creators & Celebrities,PERSONAL_BLOG,3,1590404272,186,1,1590232838,180,8,1590064298,182,4,1589209438,153,4,1588254933,228,4,1587992703,180,1,1587563466,186,5,1587387725,216,1,1587144023,164,1,1586780092,140,3,1586522568,168,3,1585399909,170
66,palma.prague,2642,6,228,Lifestyle Services,SPA_BEAUTY_PERSONAL_CARE,0,1590559198,20,1,1590344971,88,2,1590244254,32,1,1590124554,43,0,1589990108,45,2,1589830243,45,1,1589123813,162,7,1588690221,61,1,1587739656,23,1,1587310646,38,5,1587113558,56,1,1586863824,25
67,tanyaparfileva,1545269,143,2382,,,0,1590661747,15980,115,1590591138,43755,598,1590517922,47876,104,1590419114,40873,181,1590308900,36646,1009,1590236436,61800,576,1590064002,32647,422,1589910463,110526,1615,1589808170,56408,133,1589744951,62761,83,1589719055,52606,1805,1589632936,45557
68,karina_nigay,1922328,878,2823,,,284,1590682104,9102,226,1590594100,27012,205,1590562467,23314,256,1590500848,23325,266,1590418415,37849,335,1590309764,32785,558,1590224722,45664,282,1590159319,26582,397,1590071948,34845,584,1589984965,36317,348,1589902105,23313,444,1589810543,26816
69,air.bykaifooi,9886,12,125,Creators & Celebrities,PERSONAL_BLOG,5,1589892583,571,13,1589294722,997,1,1587732906,499,25,1587051405,775,0,1586528007,481,19,1585238691,1129,0,1585074257,392,32,1584554967,924,1,1584034194,830,2,1583487511,148,0,1583150515,280,3,1582987712,909
70,marina_sidneva,34396,792,780,General Interest,ART,9,1590578031,550,68,1589886253,1558,3,1589656503,685,69,1589195843,2597,41,1589037804,4491,7,1588957493,592,46,1588928282,3791,0,1588834496,363,36,1588754977,3454,9,1588260437,566,61,1588181458,4703,9,1587663373,890
71,lash_brov_ekb,2486,319,252,Personal Goods & General Merchandise Stores,HEALTH_BEAUTY,2,1590050113,174,2,1589790584,203,1,1589444132,207,1,1589261755,212,1,1588833524,222,2,1587546957,247,1,1587385386,218,2,1585222793,215,1,1584946173,253,1,1584343717,237,2,1583220321,240,3,1580720220,328
72,marinapetrosyan_ekb,1181,621,444,Creators & Celebrities,PERSONAL_BLOG,1,1590656257,61,33,1590395650,90,6,1590144444,86,4,1590047035,108,6,1589953897,109,6,1589810164,55,4,1588512610,81,6,1588341527,116,6,1588230243,81,2,1588076271,77,4,1587804053,66,6,1587711276,111
73,alexey.husky,276429,50,207,,,216,1589007312,36563,353,1588517124,26023,201,1588174226,23102,441,1587569800,42350,944,1587280763,34568,331,1587121557,24403,789,1585396748,57002,401,1583064598,45166,430,1580642817,50285,70,1577204893,9189,325,1574761695,24888,1492,1574163951,48171
74,peter.7416,42,38,3,,
75,bogdanovich.elena,145169,391,2132,Lifestyle Services,MAKEUP_ARTIST,49,1590680317,1863,23,1590559959,3314,29,1590508499,3253,27,1590150372,2600,31,1590071060,784,55,1589986017,5856,23,1589819671,5340,99,1589645055,6993,121,1589625915,3857,7,1589549735,1804,43,1589098628,5714,43,1588922597,4174
76,malika_edgorova,1874,2078,217,General Interest,ART,74,1590487784,87,41,1590417672,80,38,1590242117,81,3,1590075460,152,36,1589881710,72,43,1589795078,110,0,1589742864,6,45,1589705139,111,5,1589611237,118,6,1589544196,111,39,1589460789,128,9,1589384223,105
77,bo_katrin_brows,270,42,291,Creators & Celebrities,ARTIST,0,1590597336,12,0,1590597254,15,0,1590597057,9,0,1589524198,11,0,1589524006,9,0,1589523840,15,0,1589523558,9,0,1586862502,15,0,1586256368,13,2,1586256139,21,0,1586255754,10,1,1584794689,19
78,charmstore.club,150936,124,3533,Personal Goods & General Merchandise Stores,CLOTHING,2,1590682343,199,2,1590653415,267,24,1590604698,1186,0,1590583290,207,6,1590565739,355,2,1590521728,216,17,1590495570,266,6,1590477520,472,4,1590433627,794,196,1590416978,2589,8,1590392750,727,8,1590349429,346
79,garage_brand_discount,13107,2,0,Personal Goods & General Merchandise Stores,CLOTHING
80,garage.est.2016,127816,836,475,General Interest,,15,1590648416,4120,33,1590589848,4088,32,1590413825,6367,44,1590330410,2858,4,1590329925,1820,6,1590318036,1858,20,1590309267,2885,50,1590304160,4845,147,1590256248,3985,22,1590255336,5207,91,1590252785,4179,7,1590251430,2641
81,gorodnicheva15,4914,688,364,General Interest,ART,0,1590656914,100,4,1590483788,81,2,1590083592,86,4,1589627896,231,0,1589624840,60,4,1589363594,134,0,1589357943,67,9,1589102590,241,6,1589014812,136,1,1588925114,86,0,1588069884,120,2,1587560921,235
82,galina.buykevich,94654,324,423,Creators & Celebrities,BLOGGER,16,1590642851,1934,1119,1590562914,1561,49,1590476591,3552,63,1590126222,4512,297,1589865385,2242,144,1589695522,5363,35,1589442731,2721,26,1588917083,2199,64,1588749991,3770,54,1588491489,2170,63,1588328929,4243,143,1588139108,4473
83,diana_e._,234,287,83,,
84,aleksyuk___,27450,226,308,,,0,1590680812,225,44,1590672766,2527,54,1590439447,3283,61,1590080921,3314,0,1589985739,1659,10,1589908284,1022,20,1589878081,2890,26,1589474196,2393,132,1589281681,3982,13,1589117246,2923,155,1588943146,3798,25,1588756885,2549
85,filatovakat,24961,775,3666,,,0,1590587468,278,5,1590483417,997,13,1590402001,879,14,1590162079,1025,18,1589806866,786,16,1589539809,1063,4,1589277697,488,3,1589124602,1185,4,1588942159,971,2,1588749073,905,5,1588682454,1242,4,1588602032,622
86,deutschonline,252152,2,1389,Professional Services,LANGUAGE_SCHOOL,6,1590683113,1323,31,1590647752,5631,30,1590600892,3806,58,1590577197,5908,21,1590508421,5841,56,1590479489,8106,121,1590427046,6974,107,1590390492,12123,21,1590344305,6651,110,1590331167,8111,46,1590302290,8167,84,1590253875,9322
87,pug_leonid,140411,110,616,,,131,1590678127,5986,60,1590667256,8070,209,1590567917,11971,98,1590504346,6388,95,1590407122,7178,94,1590326664,12248,86,1590245606,10998,160,1590229625,11883,140,1590136846,14982,288,1590054144,16172,101,1589977430,8518,218,1589876525,14512
88,sabinamarkin,128470,606,1119,,,129,1590517689,10306,127,1590338175,8353,170,1590251158,8247,98,1590163493,5955,129,1590079529,8363,111,1589996660,6325,69,1589912710,6448,79,1589729054,5697,99,1589645450,5942,123,1589566166,7972,100,1589480289,7273,111,1589303272,6274
89,cesky_online,6944,40,391,Professional Services,LANGUAGE_SCHOOL,23,1590646724,353,23,1590217157,353,10,1589955835,303,54,1589439067,420,10,1589355243,244,0,1589198897,84,6,1588859514,148,2,1588750116,248,18,1588571708,135,14,1588321490,333,5,1588234352,263,10,1588058601,400
90,_ptaha,1588,554,441,General Interest,ART,8,1590598029,215,7,1590345881,237,0,1590233232,100,1,1589932623,193,4,1589900139,119,1,1589693616,126,5,1589432726,209,1,1589348850,98,11,1589140374,191,4,1588936416,100,0,1588863168,74,0,1588768556,70
91,czech_online,3256,23,314,Professional Services,LANGUAGE_SCHOOL,0,1590485814,48,0,1590167028,42,0,1589960094,48,0,1589900199,45,0,1589806433,42,0,1589703343,70,0,1589545281,35,1,1589445907,35,0,1589375812,45,1,1589286671,41,0,1589196547,45,1,1589098665,49
92,l.l.decor,3783,9,282,Home Goods Stores,TOPIC_HOME_DECOR,0,1590661960,21,0,1590388849,27,2,1589724187,17,3,1589458048,38,1,1589350021,14,2,1589294914,21,0,1589286909,17,0,1589267565,25,0,1588767940,23,0,1587491189,25,1,1586849913,22,1,1586611160,30
93,tanya_teyla,95990,18,348,,,115,1590560659,6407,131,1589868785,6391,70,1589775266,5268,49,1589605618,4641,65,1589519468,6213,91,1589433504,8037,138,1589349350,9031,89,1589259932,6795,140,1589177156,8008,84,1589118179,7255,63,1588953775,5636,73,1588926799,5385
94,dior,31099306,256,6625,Home Services,COMPANY,315,1590681732,58341,102,1590667579,17953,640,1590652873,127916,233,1590595238,59842,275,1590580829,96582,549,1590566437,138636,233,1590516012,67957,198,1590498026,35615,192,1590483303,27184,363,1590429613,60988,334,1590411626,44593,145,1590395428,28107
95,insta.prague,137985,1,880,,,9,1590650984,916,23,1590639486,2972,15,1590593144,2606,25,1590568644,2400,7,1590543009,1630,43,1590522256,4495,18,1590509557,2879,30,1590479787,3683,44,1590417471,4403,23,1590398510,3274,40,1590357917,4490,11,1590274072,1913
96,katya.kond.art,2463,748,243,Creators & Celebrities,ARTIST,2,1590662325,97,25,1589351237,165,19,1588580297,196,4,1588316199,76,9,1587979047,171,8,1587712566,147,6,1587546664,91,2,1587454034,131,4,1587020149,148,22,1586852544,249,8,1586684278,110,12,1586510349,192
97,a.makedonskaya,311780,37,560,Creators & Celebrities,PERSONAL_BLOG,2473,1589722580,35779,3426,1589629345,30649,406,1588426750,35133,329,1587638362,35846,387,1587136663,45640,822,1587058174,56712,746,1586793880,67151,1573,1586584939,77740,491,1586014955,60848,449,1585930301,48201,4266,1585472982,83222,540,1584890327,76580
98,monikapaskalova,13091,1286,388,,,47,1590488322,683,0,1590059300,123,7,1589902154,409,27,1589606719,532,29,1589262305,379,9,1589036842,445,31,1588939122,681,28,1588706342,865,97,1588602150,1003,2,1588327476,225,22,1587301756,742,0,1587206478,258
99,elastic_store_,29415,3,1155,Personal Goods & General Merchandise Stores,CLOTHING,3,1590676624,158,3,1590651517,104,25,1590593707,209,37,1590572120,403,58,1590507243,229,98,1590479145,239,79,1590424444,221,12,1590399203,128,6,1590334384,171,2,1590298322,423,9,1590240478,160,16,1590222482,301
100,ptaha_mua,2272,7,159,General Interest,ART,6,1585812700,72,3,1585748061,82,9,1585652405,85,6,1564397901,247,9,1564076693,156,4,1564049273,164,5,1563866788,297,0,1563787083,97,0,1563619609,102,3,1563505716,154,9,1563452843,219,1,1563256969,144
101,kenan.beauty.space,10824,2516,442,General Interest,ART,18,1590568169,79,1,1589972125,46,1,1589703104,66,8,1589142732,106,5,1587623763,89,3,1585994542,52,0,1584711621,54,0,1584002822,83,5,1583709163,82,1,1583589732,65,9,1582721217,123,20,1582021861,87
102,anna_face_fitness,5673,1408,363,Creators & Celebrities,PERSONAL_BLOG,5,1590651443,91,0,1590472867,96,11,1590213022,119,17,1590040662,142,18,1589607315,237,4,1589437310,117,12,1589093968,264,11,1588837038,241,21,1588664321,430,206,1588138846,317,25,1587964641,276,19,1587802427,193
103,voguemagazine,27207671,406,7294,Publishers,MAGAZINE,73,1590686454,22602,77,1590678656,22455,406,1590616824,139933,99,1590610219,30788,300,1590600321,22334,196,1590522946,53334,234,1590509994,71508,371,1590438667,109914,1695,1590416488,67128,1363,1590357623,341274,347,1590350418,90439,210,1590341412,53950
104,bof,1769335,695,6202,Publishers,NEWS_SITE,3,1590684553,188,8,1590678991,1317,67,1590672928,1136,5,1590666145,455,182,1590659066,9835,22,1590599021,1633,23,1590593763,819,36,1590586830,4402,8,1590578653,587,8,1590571951,1604,24,1590512550,1122,34,1590509053,2106
105,sneaker_kitchen,1444,45,171,Personal Goods & General Merchandise Stores,PRODUCT_SERVICE,1,1590502182,21,0,1590384596,26,1,1589952487,24,0,1589881325,32,0,1589785437,25,0,1589548309,21,2,1589359748,20,0,1589103977,20,0,1589000849,24,0,1588832946,19,1,1588738674,21,0,1588327059,24
106,red.twins.ekb,1578,30,25,Creators & Celebrities,PERSONAL_BLOG,3,1589903372,89,3,1579527031,186,8,1579438183,152,12,1564591874,443,13,1559058943,403,12,1555230229,360,3,1555158659,203,13,1554040333,459,0,1553880500,46,5,1553676982,212,5,1553595241,340,2,1553511721,159
107,volkova.nail.master,474,151,986,,,0,1590079979,38,0,1590079903,29,0,1590079833,22,1,1589989509,20,0,1589989434,24,2,1589989396,26,0,1588505169,37,1,1585161992,45,1,1585161968,44,1,1584559625,34,1,1584559611,25,1,1584559525,38
108,valeriiagss,2157,356,712,General Interest,ART,2,1590672732,80,1,1590257349,96,1,1589554405,122,0,1588842565,88,1,1588774215,76,0,1588100970,107,2,1587847254,97,1,1587130093,111,9,1586931224,136,7,1586441450,164,3,1586425886,222,5,1585771228,147
109,piar_travel,25197,1605,3665,Transportation & Accomodation Services,TRAVEL_COMPANY,4,1590676502,26,0,1590581986,34,0,1590483568,16,15,1590422214,57,45,1590304155,30,2,1590243767,35,6,1590219118,72,5,1590148265,52,0,1590047810,39,5,1590040772,43,6,1589904649,27,2,1589875462,25
110,brands.stories.outlet,29884,33,591,Personal Goods & General Merchandise Stores,SHOPPING_MALL,1,1590653920,75,0,1590565818,95,0,1590476459,94,2,1590323857,196,0,1590243262,60,4,1590139754,170,4,1590051336,80,875,1589957802,550,1,1589905831,147,4,1589701207,181,5,1589621721,72,2,1589522484,157
111,knyazev_st,489,372,53,Creators & Celebrities,BLOGGER,12,1589633353,85,2,1588376211,61,6,1585348421,69,4,1578771637,107,0,1578761903,87,6,1578323318,84,3,1572812796,98,1,1564993090,79,2,1556568865,114,6,1555933341,75,0,1553613363,98,0,1550872221,76
112,krisi_shelest,306996,216,586,,,180,1590655179,2827,180,1590308749,29128,57,1590252527,29235,192,1589955384,26105,90,1589866404,25934,152,1589785671,33874,326,1589262325,26110,82,1588953750,12145,114,1588600578,31022,119,1588515947,35572,64,1588396641,33834,745,1587969957,12711
113,xonnv,13,0,434,,
114,maisonseasons,1153065,105,3861,,
115,modnayakontora,179299,2386,5420,Creators & Celebrities,BLOGGER,5,1590678263,697,2,1590668854,188,10,1590659559,343,27,1590649653,1651,0,1590642061,271,8,1590591781,1957,13,1590584116,1261,9,1590577653,1144,9,1590570362,311,125,1590563629,2001,0,1590556787,482,6,1590504681,1173
116,katherinesbakery,685,835,158,Home Goods Stores,,2,1590235324,57,2,1588688472,49,0,1588490399,60,2,1588192467,66,0,1587803157,61,2,1586440058,65,0,1585822522,54,11,1585110293,105,0,1585062502,50,2,1584597409,73,0,1583916135,55,0,1583578078,49
117,funtovaaa,361,181,150,Creators & Celebrities,PERSON,0,1589450266,87,4,1589208920,78,4,1588001056,59,0,1587486392,55,0,1587124734,85,1,1586175780,56,5,1585230129,70,0,1583662194,97,3,1582464707,113,0,1581672876,81,0,1580464586,94,0,1579771239,99
118,vallllss,19,31,13,,,1,1588670285,4,0,1551003913,10,2,1551003779,9,0,1547192981,13,0,1546362531,17,0,1545601139,20,0,1544725191,20,0,1543259217,17,0,1542052581,17,0,1541481947,13,0,1540907687,14,2,1540893609,16
119,womanslook,1401427,462,4668,General Interest,MEDIA,6,1590686512,4413,6,1590683071,3513,8,1590681289,4241,12,1590678311,7909,5,1590676239,2898,8,1590669876,10242,12,1590668206,4414,8,1590666503,5577,26,1590656972,28468,14,1590653104,11186,12,1590648127,13431,60,1590615540,32882
120,okhanoff,183,206,23,Creators & Celebrities,PERSONAL_BLOG,10,1586093572,47,3,1584461328,77,3,1584023862,64,4,1582634660,90,3,1581660136,89,6,1581657745,62,9,1581577900,86,2,1581485502,68,0,1581404410,63,13,1581311792,53,0,1581136256,51,2,1581100581,50
121,ignatov.tkd,182,121,11,Creators & Celebrities,COACH,0,1561299624,81,4,1559928219,80,0,1554494759,84,2,1541357152,87,2,1538235827,82,0,1534765488,61,0,1529167329,65,5,1525109077,60,0,1512673831,63,2,1508753192,59,0,1506792967,54
122,pilot_gulevsky,1263,242,93,Creators & Celebrities,,13,1587482450,445,7,1581182097,264,3,1580069963,291,2,1577911494,297,7,1577132916,348,2,1574188811,158,5,1574107056,363,4,1572970805,158,1,1568454591,202,4,1567703830,148,9,1565554550,231,10,1562442120,325
123,diana_korkunova,1477466,423,154,Creators & Celebrities,FICTIONAL_CHARACTER,404,1590570252,110108,167,1589901084,73711,67,1589812528,60334,108,1589021137,49399,285,1588606653,89822,309,1588060038,95962,530,1587313737,101714,291,1586861443,81722,384,1586338716,66282,569,1585928558,116688,114,1585753165,57081,121,1585326396,70273
124,tsareva_natali_,250,378,225,,
125,bolshoy.only.for.girls,11805,6,836,Food & Personal Goods,BRAND,0,1590579977,94,1,1590392550,102,0,1589897869,138,0,1589814621,48,0,1589790342,58,0,1589728911,53,0,1589699993,73,0,1589619438,37,3,1589550480,28,1,1589528047,67,0,1589463364,26,0,1589439488,75
126,bolshoy.mee,12274,2,0,Food & Personal Goods,BRAND
127,felixdem64,184,153,32,,,2,1589656272,98,1,1579532613,92,4,1564925465,93,5,1563453260,95,1,1552058974,106,0,1529312057,102,0,1526390312,92,5,1523107098,75,0,1522855545,86,0,1520576013,71,0,1519203135,94,0,1511028066,89
128,ellada.kate,45961,61,3633,Personal Goods & General Merchandise Stores,CLOTHING_STORE,1,1590665783,306,1,1590655369,191,6,1590605868,260,0,1590600972,207,4,1590587946,198,0,1590569544,105,0,1590513681,96,0,1590496291,274,0,1590487319,166,3,1590478893,188,3,1590429224,326,0,1590422642,256
129,goldapple_ru,3262938,5,8979,Lifestyle Services,SPA_BEAUTY_PERSONAL_CARE,2,1590679558,2135,5,1590672487,1630,87,1590656650,2797,39114,1590645773,12760,37,1590585411,3737,25,1590577243,5364,5,1590558939,2968,68,1590497428,5351,39,1590485104,3651,27,1590472710,5930,39862,1590421718,16256,275,1590403091,6223
130,aliinaa9999,770,261,19,Creators & Celebrities,PERSONAL_BLOG,5,1585223945,129,2,1571601903,171,0,1571214876,135,0,1570873162,154,1,1570599945,137,0,1568994435,147,2,1567246062,192,2,1559497618,188,3,1549977527,226,2,1537866755,201,4,1537369290,170,3,1533363923,255
131,anka__love,3189,811,1093,Creators & Celebrities,PERSONAL_BLOG,4,1590585558,254,6,1589300890,237,6,1588857336,277,2,1587053437,106,8,1586543985,202,9,1586439297,400,3,1585753868,297,0,1585499553,210,0,1584983648,290,20,1583334121,316,4,1582911923,277,20,1582726200,316
132,ae.projectlive,1764,1809,506,Creators & Celebrities,PERSONAL_BLOG,1,1590597917,41,31,1590420968,91,14,1590329507,124,1,1590137143,51,12,1590059422,84,18,1589524205,114,12,1589388030,131,9,1589300352,79,16,1589195670,68,37,1588493871,53,24,1588406002,152,9,1588091447,86
133,donnikitius,2522,823,329,Business & Utility Services,ADVERTISING_MARKETING,3,1590483868,150,0,1590326134,124,5,1589992803,97,21,1589535781,183,4,1589172831,144,2,1588753749,96,1,1588328187,113,2,1587908860,118,1,1587231681,139,2,1587140195,111,0,1587052062,165,1,1586953949,103
134,gass1801,59,170,27,,
135,alina_husik,734,209,61,Creators & Celebrities,PERSONAL_BLOG,3,1589877858,64,0,1581242394,127,0,1581081566,103,7,1580784793,196,11,1575517990,218,2,1573931155,177,4,1573304504,196,0,1568955785,102,0,1566550838,92,1,1566550434,201,3,1566155104,90,4,1566053622,175
136,bolshoy.me,92594,11,4422,Personal Goods & General Merchandise Stores,DEPARTMENT_STORE,6,1590678287,101,0,1590660566,163,2,1590643762,252,1,1590585440,190,0,1590574380,141,84,1590557614,941,4,1590503844,266,0,1590490467,205,2,1590476695,247,0,1590468523,75,2,1590420501,174,3,1590401504,258
137,f.serebrennikov,311,270,13,,
138,sshpankovaa,1187,568,141,,,3,1590573488,208,6,1588671597,228,1,1588611632,52,0,1588411222,174,2,1588266219,202,1,1588160958,199,0,1588100970,60,6,1587986840,230,3,1586704770,86,6,1586529059,240,4,1586356808,205,3,1586192524,178
139,klvkn,109,2,114,,
140,pau1inn,222,183,91,,,5,1590610650,86,4,1590255131,68,0,1589408691,79,4,1588624034,86,10,1588413675,78,0,1587507498,42,4,1587417906,74,8,1585759790,57,11,1585593830,53,7,1585084587,96,1,1584874199,76,0,1584265157,62
141,mashachernyadieva,1186,785,801,Creators & Celebrities,PERSONAL_BLOG,3,1590090152,140,1,1590080323,65,3,1589179203,74,6,1588964169,124,0,1587279516,114,2,1586953482,93,1,1586711915,78,0,1583766247,94,0,1583591009,175,1,1583575695,190,1,1583506783,210,1,1583481402,74
142,r.gulova,360,271,19,Creators & Celebrities,PERSONAL_BLOG,4,1583013926,117,0,1580132157,135,3,1579698080,138,0,1579546152,83,2,1578842207,117,7,1577528317,116,7,1576489141,104,11,1575881111,127,3,1560440851,133,5,1559760186,140,0,1556549476,111,1,1555266796,161
143,klevakina99,1558,973,215,Creators & Celebrities,PERSONAL_BLOG,11,1585320704,248,2,1580417560,214,2,1576420359,294,10,1572535833,352,2,1571133627,288,9,1565011067,316,8,1560857649,311,0,1556185038,278,2,1554721378,290,3,1554199914,293,4,1553582378,321,2,1550053328,294
144,dom2_reality,2112384,48,3279,,,62,1590658812,5535,86,1590658578,9155,594,1590658458,8679,119,1590560940,6024,2650,1590560848,23669,115,1590504708,4838,367,1590489550,15684,3987,1590486645,20821,841,1590403578,13741,222,1590403498,7265,107,1590316121,5877,787,1590315954,19972
145,dari_studio,6160,11,608,Personal Goods & General Merchandise Stores,CLOTHING,0,1590641182,122,2,1590567922,103,0,1590385558,76,0,1589966574,89,0,1589795459,66,0,1589635291,70,0,1589532831,73,0,1589444748,76,0,1589262103,98,0,1589092100,86,1,1589028597,69,0,1588836374,83
146,ptencoff,15458903,40,81,,
147,nataphotographer,132,14,100,,,0,1590514005,10,0,1590435604,15,0,1590431212,17,0,1590228256,14,0,1590132470,10,0,1590000931,11,0,1589880256,16,0,1589732835,17,0,1589630671,19,0,1588438959,13,0,1588067886,11,0,1587450706,13
148,art_gass,184,388,8,,,0,1586181457,14,2,1586181024,16,0,1585492104,17,0,1585470104,13,2,1585469962,26,0,1585465005,22,0,1585464867,22,0,1585464820,16
149,nataliygass,656,100,375,,,0,1590430825,47,1,1590345965,55,1,1589830674,64,0,1589738573,61,4,1589290401,69,0,1589144222,21,2,1589032842,59,1,1588852120,58,1,1588781461,48,6,1588506494,58,0,1588165000,56,0,1588086726,47
150,safariparkarkuda,4793,5,155,Business & Utility Services,AGRICULTURE,10,1590398399,521,12,1589733429,448,4,1587307534,334,7,1585053704,324,6,1583263163,286,8,1582446831,340,6,1582380719,306,8,1581944629,211,23,1580047562,353,1,1578229876,226,10,1578216688,183,2,1573120383,257
151,olesja_a,321,137,424,,,1,1589721543,37,0,1589654831,35,2,1589110456,39,2,1589029225,41,0,1588680633,35,0,1588618777,28,0,1588618164,32,1,1588441887,37,0,1588087393,34,0,1588086942,36,8,1587474674,19,0,1587298154,22
152,alina.ivnv,455,206,31,,,0,1589309498,73,0,1587220070,72,2,1586701597,70,3,1584277213,68,2,1584199365,69,1,1578256494,71,2,1564769928,77,1,1559990105,105,1,1559390389,103,1,1549710747,124,2,1540396702,67,5,1538164825,166
153,dakjmly,1218,516,352,Creators & Celebrities,PERSONAL_BLOG,6,1590601453,192,40,1590514139,234,10,1590410038,250,21,1589912622,198,2,1589707574,150,12,1589648606,257,20,1588440357,275,9,1588257284,295,5,1588098864,238,6,1588016940,296,4,1587751103,282,8,1587670891,308
154,vasilina_pyankova,5084,487,1668,Creators & Celebrities,PERSONAL_BLOG,1,1590463951,182,23,1590359480,363,29,1590240050,368,1,1590112701,270,31,1590070230,337,6,1589971090,308,20,1589894798,249,22,1589885309,337,56,1589710312,421,10,1589545448,416,49,1589511990,454,43,1589454795,343
155,_klikushina_,778,397,80,,,1,1582459138,84,3,1554223805,157,1,1554131547,148,6,1534360279,192,2,1533998539,158,7,1526240446,214,5,1515438611,182,1,1515162137,171,4,1510155923,250,4,1509178763,187,2,1508698971,193,3,1507997578,124
156,rotarartem,163,200,228,,
157,letagass,341,431,223,,,0,1587866862,29,0,1549954073,76,3,1543512415,109,1,1542903896,50,0,1539955186,98,1,1528482841,90,3,1520186316,90,0,1512706867,924,2,1511949133,69,5,1511938961,43,1,1509904201,90,1,1507201101,72
158,vladikotrashkevich,137,210,10,,
159,annatrbnkv_,2194,353,80,Creators & Celebrities,ARTIST,4,1590403384,158,0,1589737018,209,9,1589445197,170,0,1589209120,122,1,1588949081,123,2,1588784117,171,7,1588589670,163,4,1588005153,183,0,1586797181,93,2,1586620985,179,4,1582436414,73,10,1581589509,172
160,liza_liza__,1151,412,38,Non-Profits & Religious Organizations,,3,1589470910,113,0,1588942713,136,15,1584107835,151,2,1582647090,161,4,1580732742,151,2,1580646796,169,3,1579094585,136,3,1554033243,211,2,1552407804,179,15,1551606712,219,6,1551370239,150,5,1551103101,191
161,bo_katrin_,571,398,549,Creators & Celebrities,ARTIST,0,1590597915,108,1,1589632688,52,2,1580030195,111,1,1579772711,69,2,1573022261,131,2,1571844378,42,0,1571396694,127,3,1571228451,92,0,1571140186,71,0,1571139919,102,1,1570798134,99,2,1570469191,89
162,lisavetadik,1013,973,35,Creators & Celebrities,PERSONAL_BLOG,3,1589882492,163,3,1583316987,86,6,1575146014,150,0,1573110801,145,3,1572591139,147,2,1572370698,164,4,1544549289,243,9,1540461308,246,1,1540139303,185,3,1530462554,199,12,1528888281,225,6,1515608631,192
163,_anastaicha_,287,215,89,,,0,1590666127,106,0,1590664206,104,0,1590313642,77,0,1590214847,108,1,1588616644,109,2,1587720907,133,3,1587439872,134,2,1586599483,106,0,1584545625,126,0,1583658866,135,2,1581008067,123,0,1580898050,93
164,alexpartina,598,124,262,Creators & Celebrities,PERSONAL_BLOG,0,1589483046,72,4,1582474521,65,2,1582137256,54,4,1581702932,68,0,1576314516,75,0,1570696768,99,0,1567265409,69,2,1567161478,82,0,1566894368,75,0,1566724033,73,0,1566568590,73,1,1566231890,67
165,kristinadeny,508,182,269,Creators & Celebrities,PERSONAL_BLOG,0,1589722403,68,0,1587501007,87,6,1586709698,100,0,1586530941,77,0,1583824989,134,3,1582637512,107,0,1577895986,117,4,1574324872,128,4,1573725596,114,2,1568627028,101,1,1566549367,105,0,1566023588,93
166,gorobetsss,723,271,40,,,0,1578206748,94,0,1577913859,106,5,1565543885,147,0,1565376863,60,4,1565207007,131,5,1555516127,181,2,1554461078,120,3,1548954266,110,3,1548774988,152,4,1546884619,150,4,1546362617,169,1,1545934881,115
167,zic_zakharov,245,50,489,,,0,1590493625,8,0,1589882460,6,0,1589278391,13,0,1588687377,8,0,1588649687,13,2,1588648202,11,0,1588647890,13,0,1588647780,13,0,1588647670,15,0,1588469164,36,2,1587080436,57,1,1585473119,33
168,kristina_pyankova,3473,225,629,Creators & Celebrities,PERSONAL_BLOG,2,1590572230,196,7,1590307800,169,6,1590239802,250,3,1589948982,185,4,1589630970,213,4,1589375634,229,0,1589355322,107,20,1589122612,180,2,1589102294,255,12,1588829613,263,0,1588572878,124,3,1588340679,177
169,ann_rotar,448,305,500,,
170,iamdrdaniil,132,145,6,,
171,timofey_pyankov,646,111,55,,
172,katerinazi,1672,817,1838,Creators & Celebrities,PERSONAL_BLOG,10,1590152918,111,15,1589895495,230,2,1589723001,194,7,1589617464,166,4,1589534906,212,5,1589460399,215,3,1589354663,208,0,1589117650,140,1,1589015674,179,2,1588939474,119,6,1588841093,174,4,1588755762,155
173,anzhelikagass,132,160,224,,,2,1436537856,356,1,1436454766,161,1,1436454594,88,1,1436446351,63,1,1436020564,62,2,1436017933,69,0,1436003980,77,0,1434728185,81,0,1434447194,93,0,1434190836,66,2,1433959696,83,0,1433417545,75
